Starters,Bismack Biyombo,Grant Riller,Jalen McDaniels,Malik Monk,Nick Richards
Bismack Biyombo,1.0,-0.25,-0.24999999999999994,-0.25000000000000006,-0.25000000000000006
Grant Riller,-0.25,1.0,-0.24999999999999994,-0.24999999999999994,-0.25
Jalen McDaniels,-0.24999999999999994,-0.24999999999999994,1.0,-0.24999999999999997,-0.24999999999999997
Malik Monk,-0.25000000000000006,-0.24999999999999994,-0.24999999999999997,1.0,-0.24999999999999997
Nick Richards,-0.25000000000000006,-0.25,-0.24999999999999997,-0.24999999999999997,1.0
